id,name,registration_date,country,date_of_birthday,phone,e_mail
134784,Name1,2020-01-01,Country,1954-01-01,1234567890,email@example.com
171717,Name2,2020-01-01,Country,2000-01-01,1234567890,email@example.com
34053,Name3,2020-01-01,Country,2000-01-01,1234567890,email@example.com
130343,Name4,2020-01-01,Country,2000-01-01,1234567890,email@example.com
440744,Name5,2020-01-01,Country,1954-01-01,1234567890,email@example.com
445074,Name6,2020-01-01,Country,2000-01-01,1234567890,email@example.com
36370,Name7,2020-01-01,Country,2000-01-01,1234567890,email@example.com
41492,Name8,2020-01-01,Country,2000-01-01,1234567890,email@example.com
104764,Name9,2020-01-01,Country,2000-01-01,1234567890,email@example.com
1818,Name10,2020-01-01,Country,2000-01-01,1234567890,email@example.com
54074,Name11,2020-01-01,Country,2000-01-01,1234567890,email@example.com
48823,Name12,2020-01-01,Country,1994-01-01,1234567890,email@example.com